CoinName,CurrencyCodeFull,CurrencyCode,Network,ImageUrl
"","","1inch","","https://secure-endlessly-puma.ngrok-free.app/img/nowpaymentsio/1inch.svg"
"","","aave","","https://secure-endlessly-puma.ngrok-free.app/img/nowpaymentsio/aave.svg"
"","","ada","","https://secure-endlessly-puma.ngrok-free.app/img/nowpaymentsio/ada.svg"
"","","aitech","","https://secure-endlessly-puma.ngrok-free.app/img/nowpaymentsio/aitech.svg"
"","","algo","","https://secure-endlessly-puma.ngrok-free.app/img/nowpaymentsio/algo.svg"
"","","ape","","https://secure-endlessly-puma.ngrok-free.app/img/nowpaymentsio/ape.svg"
"","","apt","","https://secure-endlessly-puma.ngrok-free.app/img/nowpaymentsio/apt.svg"
"","","arb","","https://secure-endlessly-puma.ngrok-free.app/img/nowpaymentsio/arb.svg"
"","","arpa","","https://secure-endlessly-puma.ngrok-free.app/img/nowpaymentsio/arpa.svg"
"","","arv","","https://secure-endlessly-puma.ngrok-free.app/img/nowpaymentsio/arv.svg"
"","","atlas","","https://secure-endlessly-puma.ngrok-free.app/img/nowpaymentsio/atlas.svg"
"","","atom","","https://secure-endlessly-puma.ngrok-free.app/img/nowpaymentsio/atom.svg"
"","","avax","","https://secure-endlessly-puma.ngrok-free.app/img/nowpaymentsio/avax.svg"
"","","avaxc","","https://secure-endlessly-puma.ngrok-free.app/img/nowpaymentsio/avaxc.svg"
"","","avn","","https://secure-endlessly-puma.ngrok-free.app/img/nowpaymentsio/avn.svg"
"","","axs","","https://secure-endlessly-puma.ngrok-free.app/img/nowpaymentsio/axs.svg"
"","","babydoge","","https://secure-endlessly-puma.ngrok-free.app/img/nowpaymentsio/babydoge.svg"
"","","banana","","https://secure-endlessly-puma.ngrok-free.app/img/nowpaymentsio/banana.svg"
"","","bat","","https://secure-endlessly-puma.ngrok-free.app/img/nowpaymentsio/bat.svg"
"","","bch","","https://secure-endlessly-puma.ngrok-free.app/img/nowpaymentsio/bch.svg"
"","","bel","","https://secure-endlessly-puma.ngrok-free.app/img/nowpaymentsio/bel.svg"
"","","bera","","https://secure-endlessly-puma.ngrok-free.app/img/nowpaymentsio/bera.svg"
"","","blocks","","https://secure-endlessly-puma.ngrok-free.app/img/nowpaymentsio/blocks.svg"
"","","bnbbsc","","https://secure-endlessly-puma.ngrok-free.app/img/nowpaymentsio/bnbbsc.svg"
"","","bone","","https://secure-endlessly-puma.ngrok-free.app/img/nowpaymentsio/bone.svg"
"","","brise","","https://secure-endlessly-puma.ngrok-free.app/img/nowpaymentsio/brise.svg"
"","","btc","","https://secure-endlessly-puma.ngrok-free.app/img/nowpaymentsio/btc.svg"
"","","bttc","","https://secure-endlessly-puma.ngrok-free.app/img/nowpaymentsio/bttc.svg"
"","","bttcbsc","","https://secure-endlessly-puma.ngrok-free.app/img/nowpaymentsio/bttcbsc.svg"
"","","busdbsc","","https://secure-endlessly-puma.ngrok-free.app/img/nowpaymentsio/busdbsc.svg"
"","","c98","","https://secure-endlessly-puma.ngrok-free.app/img/nowpaymentsio/c98.svg"
"","","cake","","https://secure-endlessly-puma.ngrok-free.app/img/nowpaymentsio/cake.svg"
"","","cati","","https://secure-endlessly-puma.ngrok-free.app/img/nowpaymentsio/cati.svg"
"","","cfx","","https://secure-endlessly-puma.ngrok-free.app/img/nowpaymentsio/cfx.svg"
"","","cgptbsc","","https://secure-endlessly-puma.ngrok-free.app/img/nowpaymentsio/cgptbsc.svg"
"","","chr","","https://secure-endlessly-puma.ngrok-free.app/img/nowpaymentsio/chr.svg"
"","","chz","","https://secure-endlessly-puma.ngrok-free.app/img/nowpaymentsio/chz.svg"
"","","cns","","https://secure-endlessly-puma.ngrok-free.app/img/nowpaymentsio/cns.svg"
"","","coti","","https://secure-endlessly-puma.ngrok-free.app/img/nowpaymentsio/coti.svg"
"","","cro","","https://secure-endlessly-puma.ngrok-free.app/img/nowpaymentsio/cro.svg"
"","","cspr","","https://secure-endlessly-puma.ngrok-free.app/img/nowpaymentsio/cspr.svg"
"","","cswap","","https://secure-endlessly-puma.ngrok-free.app/img/nowpaymentsio/cswap.svg"
"","","ctsi","","https://secure-endlessly-puma.ngrok-free.app/img/nowpaymentsio/ctsi.svg"
"","","cvc","","https://secure-endlessly-puma.ngrok-free.app/img/nowpaymentsio/cvc.svg"
"","","daddy","","https://secure-endlessly-puma.ngrok-free.app/img/nowpaymentsio/daddy.svg"
"","","dai","","https://secure-endlessly-puma.ngrok-free.app/img/nowpaymentsio/dai.svg"
"","","daiarb","","https://secure-endlessly-puma.ngrok-free.app/img/nowpaymentsio/daiarb.svg"
"","","dao","","https://secure-endlessly-puma.ngrok-free.app/img/nowpaymentsio/dao.svg"
"","","dash","","https://secure-endlessly-puma.ngrok-free.app/img/nowpaymentsio/dash.svg"
"","","dcr","","https://secure-endlessly-puma.ngrok-free.app/img/nowpaymentsio/dcr.svg"
"","","dgb","","https://secure-endlessly-puma.ngrok-free.app/img/nowpaymentsio/dgb.svg"
"","","dino","","https://secure-endlessly-puma.ngrok-free.app/img/nowpaymentsio/dino.svg"
"","","doge","","https://secure-endlessly-puma.ngrok-free.app/img/nowpaymentsio/doge.svg"
"","","dogs","","https://secure-endlessly-puma.ngrok-free.app/img/nowpaymentsio/dogs.svg"
"","","dot","","https://secure-endlessly-puma.ngrok-free.app/img/nowpaymentsio/dot.svg"
"","","egld","","https://secure-endlessly-puma.ngrok-free.app/img/nowpaymentsio/egld.svg"
"","","egldbsc","","https://secure-endlessly-puma.ngrok-free.app/img/nowpaymentsio/egldbsc.svg"
"","","etc","","https://secure-endlessly-puma.ngrok-free.app/img/nowpaymentsio/etc.svg"
"","","eth","","https://secure-endlessly-puma.ngrok-free.app/img/nowpaymentsio/eth.svg"
"","","etharb","","https://secure-endlessly-puma.ngrok-free.app/img/nowpaymentsio/etharb.svg"
"","","ethbase","","https://secure-endlessly-puma.ngrok-free.app/img/nowpaymentsio/ethbase.svg"
"","","ethbsc","","https://secure-endlessly-puma.ngrok-free.app/img/nowpaymentsio/ethbsc.svg"
"","","ethlna","","https://secure-endlessly-puma.ngrok-free.app/img/nowpaymentsio/ethlna.svg"
"","","fdusdbsc","","https://secure-endlessly-puma.ngrok-free.app/img/nowpaymentsio/fdusdbsc.svg"
"","","fdusderc20","","https://secure-endlessly-puma.ngrok-free.app/img/nowpaymentsio/fdusderc20.svg"
"","","fil","","https://secure-endlessly-puma.ngrok-free.app/img/nowpaymentsio/fil.svg"
"","","fitfi","","https://secure-endlessly-puma.ngrok-free.app/img/nowpaymentsio/fitfi.svg"
"","","floki","","https://secure-endlessly-puma.ngrok-free.app/img/nowpaymentsio/floki.svg"
"","","flokibsc","","https://secure-endlessly-puma.ngrok-free.app/img/nowpaymentsio/flokibsc.svg"
"","","fluf","","https://secure-endlessly-puma.ngrok-free.app/img/nowpaymentsio/fluf.svg"
"","","fun","","https://secure-endlessly-puma.ngrok-free.app/img/nowpaymentsio/fun.svg"
"","","galaerc20","","https://secure-endlessly-puma.ngrok-free.app/img/nowpaymentsio/galaerc20.svg"
"","","gari","","https://secure-endlessly-puma.ngrok-free.app/img/nowpaymentsio/gari.svg"
"","","geth","","https://secure-endlessly-puma.ngrok-free.app/img/nowpaymentsio/geth.svg"
"","","gmx","","https://secure-endlessly-puma.ngrok-free.app/img/nowpaymentsio/gmx.svg"
"","","grt","","https://secure-endlessly-puma.ngrok-free.app/img/nowpaymentsio/grt.svg"
"","","gt","","https://secure-endlessly-puma.ngrok-free.app/img/nowpaymentsio/gt.svg"
"","","gusd","","https://secure-endlessly-puma.ngrok-free.app/img/nowpaymentsio/gusd.svg"
"","","hbar","","https://secure-endlessly-puma.ngrok-free.app/img/nowpaymentsio/hbar.svg"
"","","hex","","https://secure-endlessly-puma.ngrok-free.app/img/nowpaymentsio/hex.svg"
"","","hmstr","","https://secure-endlessly-puma.ngrok-free.app/img/nowpaymentsio/hmstr.svg"
"","","hot","","https://secure-endlessly-puma.ngrok-free.app/img/nowpaymentsio/hot.svg"
"","","hotcross","","https://secure-endlessly-puma.ngrok-free.app/img/nowpaymentsio/hotcross.svg"
"","","icx","","https://secure-endlessly-puma.ngrok-free.app/img/nowpaymentsio/icx.svg"
"","","id","","https://secure-endlessly-puma.ngrok-free.app/img/nowpaymentsio/id.svg"
"","","idbsc","","https://secure-endlessly-puma.ngrok-free.app/img/nowpaymentsio/idbsc.svg"
"","","ilv","","https://secure-endlessly-puma.ngrok-free.app/img/nowpaymentsio/ilv.svg"
"","","inj","","https://secure-endlessly-puma.ngrok-free.app/img/nowpaymentsio/inj.svg"
"","","injerc20","","https://secure-endlessly-puma.ngrok-free.app/img/nowpaymentsio/injerc20.svg"
"","","injmainnet","","https://secure-endlessly-puma.ngrok-free.app/img/nowpaymentsio/injmainnet.svg"
"","","iotx","","https://secure-endlessly-puma.ngrok-free.app/img/nowpaymentsio/iotx.svg"
"","","jasmy","","https://secure-endlessly-puma.ngrok-free.app/img/nowpaymentsio/jasmy.svg"
"","","jetton","","https://secure-endlessly-puma.ngrok-free.app/img/nowpaymentsio/jetton.svg"
"","","jst","","https://secure-endlessly-puma.ngrok-free.app/img/nowpaymentsio/jst.svg"
"","","kas","","https://secure-endlessly-puma.ngrok-free.app/img/nowpaymentsio/kas.svg"
"","","kibabsc","","https://secure-endlessly-puma.ngrok-free.app/img/nowpaymentsio/kibabsc.svg"
"","","klv","","https://secure-endlessly-puma.ngrok-free.app/img/nowpaymentsio/klv.svg"
"","","klvmainnet","","https://secure-endlessly-puma.ngrok-free.app/img/nowpaymentsio/klvmainnet.svg"
"","","knc","","https://secure-endlessly-puma.ngrok-free.app/img/nowpaymentsio/knc.svg"
"","","leash","","https://secure-endlessly-puma.ngrok-free.app/img/nowpaymentsio/leash.svg"
"","","link","","https://secure-endlessly-puma.ngrok-free.app/img/nowpaymentsio/link.svg"
"","","lnq","","https://secure-endlessly-puma.ngrok-free.app/img/nowpaymentsio/lnq.svg"
"","","ltc","","https://secure-endlessly-puma.ngrok-free.app/img/nowpaymentsio/ltc.svg"
"","","lunc","","https://secure-endlessly-puma.ngrok-free.app/img/nowpaymentsio/lunc.svg"
"","","mana","","https://secure-endlessly-puma.ngrok-free.app/img/nowpaymentsio/mana.svg"
"","","marsh","","https://secure-endlessly-puma.ngrok-free.app/img/nowpaymentsio/marsh.svg"
"","","matic","","https://secure-endlessly-puma.ngrok-free.app/img/nowpaymentsio/matic.svg"
"","","maticmainnet","","https://secure-endlessly-puma.ngrok-free.app/img/nowpaymentsio/maticmainnet.svg"
"","","mew","","https://secure-endlessly-puma.ngrok-free.app/img/nowpaymentsio/mew.svg"
"","","mx","","https://secure-endlessly-puma.ngrok-free.app/img/nowpaymentsio/mx.svg"
"","","myro","","https://secure-endlessly-puma.ngrok-free.app/img/nowpaymentsio/myro.svg"
"","","nano","","https://secure-endlessly-puma.ngrok-free.app/img/nowpaymentsio/nano.svg"
"","","near","","https://secure-endlessly-puma.ngrok-free.app/img/nowpaymentsio/near.svg"
"","","neiroerc20","","https://secure-endlessly-puma.ngrok-free.app/img/nowpaymentsio/neiroerc20.svg"
"","","nftb","","https://secure-endlessly-puma.ngrok-free.app/img/nowpaymentsio/nftb.svg"
"","","not","","https://secure-endlessly-puma.ngrok-free.app/img/nowpaymentsio/not.svg"
"","","now","","https://secure-endlessly-puma.ngrok-free.app/img/nowpaymentsio/now.svg"
"","","nwc","","https://secure-endlessly-puma.ngrok-free.app/img/nowpaymentsio/nwc.svg"
"","","okb","","https://secure-endlessly-puma.ngrok-free.app/img/nowpaymentsio/okb.svg"
"","","omg","","https://secure-endlessly-puma.ngrok-free.app/img/nowpaymentsio/omg.svg"
"","","one","","https://secure-endlessly-puma.ngrok-free.app/img/nowpaymentsio/one.svg"
"","","ont","","https://secure-endlessly-puma.ngrok-free.app/img/nowpaymentsio/ont.svg"
"","","peipei","","https://secure-endlessly-puma.ngrok-free.app/img/nowpaymentsio/peipei.svg"
"","","pivx","","https://secure-endlessly-puma.ngrok-free.app/img/nowpaymentsio/pivx.svg"
"","","ponke","","https://secure-endlessly-puma.ngrok-free.app/img/nowpaymentsio/ponke.svg"
"","","pyusd","","https://secure-endlessly-puma.ngrok-free.app/img/nowpaymentsio/pyusd.svg"
"","","qtum","","https://secure-endlessly-puma.ngrok-free.app/img/nowpaymentsio/qtum.svg"
"","","raca","","https://secure-endlessly-puma.ngrok-free.app/img/nowpaymentsio/raca.svg"
"","","rjvbsc","","https://secure-endlessly-puma.ngrok-free.app/img/nowpaymentsio/rjvbsc.svg"
"","","rvn","","https://secure-endlessly-puma.ngrok-free.app/img/nowpaymentsio/rvn.svg"
"","","s","","https://secure-endlessly-puma.ngrok-free.app/img/nowpaymentsio/s.svg"
"","","sand","","https://secure-endlessly-puma.ngrok-free.app/img/nowpaymentsio/sand.svg"
"","","sei","","https://secure-endlessly-puma.ngrok-free.app/img/nowpaymentsio/sei.svg"
"","","sfund","","https://secure-endlessly-puma.ngrok-free.app/img/nowpaymentsio/sfund.svg"
"","","shib","","https://secure-endlessly-puma.ngrok-free.app/img/nowpaymentsio/shib.svg"
"","","shibbsc","","https://secure-endlessly-puma.ngrok-free.app/img/nowpaymentsio/shibbsc.svg"
"","","snek","","https://secure-endlessly-puma.ngrok-free.app/img/nowpaymentsio/snek.svg"
"","","sol","","https://secure-endlessly-puma.ngrok-free.app/img/nowpaymentsio/sol.svg"
"","","stx","","https://secure-endlessly-puma.ngrok-free.app/img/nowpaymentsio/stx.svg"
"","","sui","","https://secure-endlessly-puma.ngrok-free.app/img/nowpaymentsio/sui.svg"
"","","sun","","https://secure-endlessly-puma.ngrok-free.app/img/nowpaymentsio/sun.svg"
"","","super","","https://secure-endlessly-puma.ngrok-free.app/img/nowpaymentsio/super.svg"
"","","sxpmainnet","","https://secure-endlessly-puma.ngrok-free.app/img/nowpaymentsio/sxpmainnet.svg"
"","","sysevm","","https://secure-endlessly-puma.ngrok-free.app/img/nowpaymentsio/sysevm.svg"
"","","tenshi","","https://secure-endlessly-puma.ngrok-free.app/img/nowpaymentsio/tenshi.svg"
"","","tet","","https://secure-endlessly-puma.ngrok-free.app/img/nowpaymentsio/tet.svg"
"","","tfuel","","https://secure-endlessly-puma.ngrok-free.app/img/nowpaymentsio/tfuel.svg"
"","","theta","","https://secure-endlessly-puma.ngrok-free.app/img/nowpaymentsio/theta.svg"
"","","tko","","https://secure-endlessly-puma.ngrok-free.app/img/nowpaymentsio/tko.svg"
"","","tlos","","https://secure-endlessly-puma.ngrok-free.app/img/nowpaymentsio/tlos.svg"
"","","ton","","https://secure-endlessly-puma.ngrok-free.app/img/nowpaymentsio/ton.svg"
"","","trump","","https://secure-endlessly-puma.ngrok-free.app/img/nowpaymentsio/trump.svg"
"","","trvl","","https://secure-endlessly-puma.ngrok-free.app/img/nowpaymentsio/trvl.svg"
"","","trx","","https://secure-endlessly-puma.ngrok-free.app/img/nowpaymentsio/trx.svg"
"","","tusd","","https://secure-endlessly-puma.ngrok-free.app/img/nowpaymentsio/tusd.svg"
"","","tusdtrc20","","https://secure-endlessly-puma.ngrok-free.app/img/nowpaymentsio/tusdtrc20.svg"
"","","uni","","https://secure-endlessly-puma.ngrok-free.app/img/nowpaymentsio/uni.svg"
"","","usdc","","https://secure-endlessly-puma.ngrok-free.app/img/nowpaymentsio/usdc.svg"
"","","usdcalgo","","https://secure-endlessly-puma.ngrok-free.app/img/nowpaymentsio/usdcalgo.svg"
"","","usdcarb","","https://secure-endlessly-puma.ngrok-free.app/img/nowpaymentsio/usdcarb.svg"
"","","usdcbase","","https://secure-endlessly-puma.ngrok-free.app/img/nowpaymentsio/usdcbase.svg"
"","","usdcbsc","","https://secure-endlessly-puma.ngrok-free.app/img/nowpaymentsio/usdcbsc.svg"
"","","usdcmatic","","https://secure-endlessly-puma.ngrok-free.app/img/nowpaymentsio/usdcmatic.svg"
"","","usdcop","","https://secure-endlessly-puma.ngrok-free.app/img/nowpaymentsio/usdcop.svg"
"","","usdcsol","","https://secure-endlessly-puma.ngrok-free.app/img/nowpaymentsio/usdcsol.svg"
"","","usddtrc20","","https://secure-endlessly-puma.ngrok-free.app/img/nowpaymentsio/usddtrc20.svg"
"","","usde","","https://secure-endlessly-puma.ngrok-free.app/img/nowpaymentsio/usde.svg"
"","","usdj","","https://secure-endlessly-puma.ngrok-free.app/img/nowpaymentsio/usdj.svg"
"","","usdp","","https://secure-endlessly-puma.ngrok-free.app/img/nowpaymentsio/usdp.svg"
"","","usdr","","https://secure-endlessly-puma.ngrok-free.app/img/nowpaymentsio/usdr.svg"
"","","usdssol","","https://secure-endlessly-puma.ngrok-free.app/img/nowpaymentsio/usdssol.svg"
"","","usdtbsc","","https://secure-endlessly-puma.ngrok-free.app/img/nowpaymentsio/usdtbsc.svg"
"","","usdtcelo","","https://secure-endlessly-puma.ngrok-free.app/img/nowpaymentsio/usdtcelo.svg"
"","","usdterc20","","https://secure-endlessly-puma.ngrok-free.app/img/nowpaymentsio/usdterc20.svg"
"","","usdtmatic","","https://secure-endlessly-puma.ngrok-free.app/img/nowpaymentsio/usdtmatic.svg"
"","","usdtop","","https://secure-endlessly-puma.ngrok-free.app/img/nowpaymentsio/usdtop.svg"
"","","usdtsol","","https://secure-endlessly-puma.ngrok-free.app/img/nowpaymentsio/usdtsol.svg"
"","","usdtton","","https://secure-endlessly-puma.ngrok-free.app/img/nowpaymentsio/usdtton.svg"
"","","usdttrc20","","https://secure-endlessly-puma.ngrok-free.app/img/nowpaymentsio/usdttrc20.svg"
"","","velo","","https://secure-endlessly-puma.ngrok-free.app/img/nowpaymentsio/velo.svg"
"","","verse","","https://secure-endlessly-puma.ngrok-free.app/img/nowpaymentsio/verse.svg"
"","","vet","","https://secure-endlessly-puma.ngrok-free.app/img/nowpaymentsio/vet.svg"
"","","waves","","https://secure-endlessly-puma.ngrok-free.app/img/nowpaymentsio/waves.svg"
"","","wbtcmatic","","https://secure-endlessly-puma.ngrok-free.app/img/nowpaymentsio/wbtcmatic.svg"
"","","wintrc20","","https://secure-endlessly-puma.ngrok-free.app/img/nowpaymentsio/wintrc20.svg"
"","","x","","https://secure-endlessly-puma.ngrok-free.app/img/nowpaymentsio/x.svg"
"","","xaut","","https://secure-endlessly-puma.ngrok-free.app/img/nowpaymentsio/xaut.svg"
"","","xdc","","https://secure-endlessly-puma.ngrok-free.app/img/nowpaymentsio/xdc.svg"
"","","xec","","https://secure-endlessly-puma.ngrok-free.app/img/nowpaymentsio/xec.svg"
"","","xlm","","https://secure-endlessly-puma.ngrok-free.app/img/nowpaymentsio/xlm.svg"
"","","xmr","","https://secure-endlessly-puma.ngrok-free.app/img/nowpaymentsio/xmr.svg"
"","","xrp","","https://secure-endlessly-puma.ngrok-free.app/img/nowpaymentsio/xrp.svg"
"","","xtz","","https://secure-endlessly-puma.ngrok-free.app/img/nowpaymentsio/xtz.svg"
"","","xvg","","https://secure-endlessly-puma.ngrok-free.app/img/nowpaymentsio/xvg.svg"
"","","xyo","","https://secure-endlessly-puma.ngrok-free.app/img/nowpaymentsio/xyo.svg"
"","","yfi","","https://secure-endlessly-puma.ngrok-free.app/img/nowpaymentsio/yfi.svg"
"","","zec","","https://secure-endlessly-puma.ngrok-free.app/img/nowpaymentsio/zec.svg"
"","","zen","","https://secure-endlessly-puma.ngrok-free.app/img/nowpaymentsio/zen.svg"
"","","zroarb","","https://secure-endlessly-puma.ngrok-free.app/img/nowpaymentsio/zroarb.svg"
